Meraný uhlík (%);Predikovaná teplota (°C);Predikovaný uhlík (°C)
0.027;1671.9000320428172;-0.02836150254301871
0.026;1646.2519094000324;0.016716077556691925
0.032;1671.5628162591106;0.06590781154587773
0.026;1675.1001311093057;0.0008763679771941618
0.064;1675.8217574610865;0.03819373404351785
0.032;1670.7279456539063;0.0336063772221067
0.023;1671.9001331288396;0.01664175305772865
0.039;1654.5783628700005;0.048584464083233456
0.054;1642.4333959263197;0.10419102430284845
0.04;1671.9001121880954;-0.024279147532952197
0.028;1667.8997996303026;0.01666097153776676
0.055;1644.9271450606884;0.07852360552331751
0.057;1646.3031157952578;0.03803667946651114
0.04;1625.0998475770764;-0.01955716510629872
0.041;1657.4065037450691;0.023148075922803227
0.024;1677.4051719143624;-0.0412461594445858
0.02;1685.9847265066462;-0.02791341331592627
0.038;1631.0914934121608;-0.007810199606363158
0.021;1678.1004771708442;-0.036695260855471465
0.037;1666.1000697445802;0.048925964393455604
0.042;1667.0994961245628;0.03561490020478068
0.042;1688.8999128309254;0.05270459489987213
0.024;1611.899927797586;0.0056398456299913274
0.022;1665.8999675605605;-0.03854752172548574
0.031;1608.1000924727166;-0.0015352847548726206
0.028;1630.1001939989133;-0.005799423857210592
0.029;1640.026005433029;0.027177506398466292
0.028;1631.9021539768603;-0.02691314092398138
0.043;1629.900476764747;0.04873696621055741
0.067;1590.9408277952018;0.07502175090871362
0.051;1616.100433848437;0.00889925888960423
0.072;1606.0999267923512;0.05346237911127068
0.027;1664.4862743293215;0.003587010543735239
0.039;1669.7030879923454;0.025036483784959415
0.044;1641.9830293906284;-0.005922916288412627
0.035;1655.4204961306853;0.04274710789817103
0.044;1672.6638378721136;0.027478860438705413
0.048;1645.899765345758;0.07439949097494065
0.034;1668.7535841634406;0.006595718720816615
0.04;1661.1001467773945;0.022569629884131706
0.038;1656.899623724175;0.04858361040349528
0.031;1661.5704033130746;0.09591722067709803
0.035;1662.3535525648847;0.0714519901729088
0.033;1652.3353022254248;0.04326483038633301
0.038;1663.8999836033843;0.03657659694655517
0.037;1664.002532447254;0.030158480063343165
0.035;1670.8828110859017;0.060796981827542326
0.033;1666.820670519499;0.027658502895255302
0.048;1665.4499705326195;0.02667891855587763
0.043;1649.3685695667489;0.03718143630456515
0.037;1671.8994391670717;0.016954310819095167
0.032;1668.1761650386538;0.03267630660872935
0.044;1657.1052846663895;0.0343513249600675
0.027;1668.0790462344626;0.039257209659300726
0.05;1705.8998776286653;0.009533141341875065
0.039;1657.0934445347248;0.024795984093092874
0.04;1665.0914663089636;0.003731869775902827
0.05;1667.9291468910526;0.05273344559552719
0.045;1653.1002082757486;0.04467537535950718
0.038;1671.8999540692198;0.031429595704489235
0.045;1676.0156668184336;0.04466845410053531
0.075;1656.5748373357978;0.09317296904435059
0.062;1655.8998902499063;0.06492255989111502
0.046;1666.5518913662072;0.06728600823190385
0.047;1653.3204376940448;0.030322323429448864
0.046;1647.100047521435;0.07011819930665926
0.039;1650.7429252823115;0.0011543937063816928
0.031;1642.0997980380869;0.04588449312991717
0.047;1661.5448623665225;0.005380055749109117
0.04;1641.849590834433;0.07486040230986264
0.042;1653.3705199902543;0.028999986967616173
0.047;1634.8997390203058;0.008339246625926347
0.037;1672.654553887382;0.06259852431805564
0.027;1674.899955528114;0.03387864926668817
0.037;1651.1004180015752;0.06610950789968638
0.045;1680.3024671399255;0.04728787852555656
0.042;1655.9000099739296;0.0488759906858028
0.053;1675.492412367477;0.04038866437304002
0.068;1662.3127977178292;0.056023318714457745
0.032;1639.0998284797713;0.12888102564446025
0.025;1640.0426478425074;0.012474146458618565
0.055;1666.2271041949487;0.08235440661961653
0.051;1659.4359458687939;0.06302008943719574
0.054;1666.8910261866772;0.007499416522014565
0.032;1641.8997781773446;0.04285416807692642
0.038;1650.3062057610923;0.039041563137844806
0.048;1638.9000613737835;0.11655014248080002
0.04;1598.100815797105;0.009138502725073619
0.046;1674.099960598905;0.04019901174914366
0.048;1657.667247670629;0.0376812675927017
0.046;1657.7023543750968;0.04346876626882658
0.048;1656.4078328960986;0.0027798444687316265
0.03;1666.0209823340417;0.0034035166697547192
0.039;1656.5505128053378;0.05804653258686805
0.036;1655.3458763211413;0.06282334914444941
0.025;1672.900091554456;0.058921650914541004
0.035;1673.5326908118598;0.05474776213155473
0.03;1669.5456234256094;0.04210350954271365
0.043;1665.9000090877516;0.03576696597971411
0.053;1651.4267159590677;0.029309718766129048
0.056;1659.4936068527365;0.0526543051303341
0.058;1666.7492830036222;0.06851510141192653
0.045;1644.3740492648944;-0.006431745806089226
0.044;1655.1000002149553;-0.0017344497221499083
0.028;1677.4851000282667;0.05749981212509907
0.053;1646.3537378151327;0.019299716384158658
0.055;1654.4060297041062;0.013569914193474461
0.052;1651.8999862990836;0.0846224920741701
0.063;1650.0999548808675;0.056000911353909846
0.042;1657.4059436406853;0.045684167086404784
0.132;1650.0998418793195;0.11740832369879302
0.051;1652.9351210932907;0.023853706856739113
0.043;1646.1000115330953;0.08046517135517829
0.036;1670.0997620613693;0.10050548035749475
0.037;1672.265084149039;0.11866194571631185
0.054;1652.300625052757;0.01631048160811223
0.051;1637.0997567113175;0.04805236430697886
0.06;1652.8996338774393;0.09347838159622747
0.043;1654.7314003818067;-0.0067688178212133715
0.031;1657.89979958569;0.038199625319750255
0.035;1650.3683474139132;0.027675679525693123
0.044;1662.89981652261;0.05186086518813872
0.054;1654.6115095761318;0.06696301382250051
0.039;1648.5917908196375;-0.03089645430978949
0.041;1641.285685192573;0.05074432859846985
0.035;1646.464940548215;0.01817194591884476
0.034;1658.099991488423;0.04625929410409256
0.052;1621.8999832184875;0.08450312261210143
0.044;1629.1001515533762;0.03845977305802735
0.062;1576.9000540016634;0.09780757378386824
0.074;1603.09974174638;0.014434618934752022
0.043;1637.5769656292193;0.039431385542501265
0.058;1646.8998383985368;0.05548225295036864
0.048;1661.5981241346237;-0.001237099542340206
0.028;1669.0996420680158;0.04687748421903014
0.041;1660.099645309279;0.059413478087035135
0.045;1678.900049831588;0.0674283887094418
0.024;1671.1001694048118;0.00427014316406972
0.047;1655.3912646539795;0.07562800749990546
0.033;1675.0998594527177;-0.021846996784027614
0.027;1662.7829870516182;0.03490515855487793
0.029;1676.899774491387;-0.012196491906043952
0.035;1677.8998692027274;0.027678952600150894
0.031;1654.1001686564332;0.06391653090829831
0.03;1667.8996266132997;0.029139210231591148
0.037;1671.3362325655;0.018707564000109797
0.049;1641.8998691475083;0.02534198134396491
0.031;1649.6061485037299;0.005419392452250885
0.049;1630.1002544992186;0.07477895957296239
0.036;1647.792176430312;0.01617260573556613
0.045;1639.9002544079553;0.035896344249519666
0.055;1664.2775980292504;0.056877449109784
0.046;1678.678711388857;-0.0052994894012603905
0.035;1667.5891445553937;0.044274892975951954
0.053;1638.0998360245549;-0.022614010235985207
0.054;1656.9055910870022;0.052866513016661135
0.052;1656.9436225142808;-0.0028277878865524547
0.048;1654.899736520217;0.05066462808410323
0.045;1653.780545288393;0.046314077259863126
0.037;1652.5835910165251;0.06262005045284659
0.043;1668.2227937262799;0.01781405281133959
0.04;1672.4547168220247;0.02755318426194238
0.044;1681.1000574443742;0.026109872622724725
0.034;1677.7969814270339;0.03963453748016117
0.047;1620.9754236723466;0.02999971596529201
0.033;1625.0998182777168;0.05504038898444853
0.051;1653.6981650343598;0.07016022959984423
0.05;1664.1438202113682;0.04731864999427336
0.056;1656.6406254975377;0.027601546745380137
0.045;1638.8997722244587;0.05615378542899109
0.037;1643.9000060089957;0.04738703564387166
0.051;1666.1002475748553;0.07893736953367263
0.05;1667.8338889045822;0.04168184902900961
0.064;1657.6669078986095;0.1024583369554561
0.053;1657.099817956685;0.07988437805601846
0.054;1648.3343952667562;0.03344000092141171
0.102;1644.4025791493702;0.1247624754105653
0.04;1670.9001422522422;0.033356343356578236
0.055;1676.22156033205;0.04995934335715756
0.049;1643.8997462433517;0.05698562752591817
0.059;1652.8179806442408;0.05413406213285375
0.073;1647.844192219849;0.06552125067832916
0.066;1661.1177877830974;0.057911251410872736
0.063;1686.899941712951;0.019981119665016686
0.057;1659.3087102327218;-0.0055513480939037435
0.04;1657.9000082659813;0.0659379955828709
0.048;1669.8995705968432;0.03731270821236925
0.05;1673.100151432225;0.08202136375463333
0.045;1636.0998483839621;0.06972200911980643
0.037;1684.8999451259556;0.039841795807721805
0.034;1663.296245059967;-0.004633309482021994
0.05;1644.4491493187697;0.02405528967273092
0.033;1622.0575498578214;0.07461251022346034
0.064;1657.1001303966918;-0.04203186240390379
0.053;1659.3233735698443;-0.00880911430785139
0.053;1660.7360336454606;-0.03472201379080002
0.039;1654.57504598324;0.011204386371834907
0.062;1619.3407986129223;0.076092752640761
0.036;1656.3952277349315;-0.022058226766626096
0.043;1649.4906083054907;-0.03367696696938259
0.036;1661.6462636985434;0.026218455088210926
0.058;1648.2723110272202;0.017185310048897798
0.059;1663.8998477846026;-0.019774480214179088
0.042;1659.790447918753;0.021455580709615577
0.057;1622.8998632749813;0.07518199988769846
0.047;1630.172312364706;0.030424083509234603
0.033;1650.899910765261;0.009575622077419757
0.05;1634.8998267531365;0.013700064316937141
0.041;1645.847231971488;0.029856516881696896
0.054;1641.629626909025;0.048977253731622414
0.042;1647.1001067097748;0.0685827155813598
0.041;1628.8992687620641;0.03394770072228677
0.034;1658.5638377733803;0.01378348215340229
0.043;1627.10037656922;0.01729223630394723
0.074;1612.1005613031796;0.2084949357329316
0.034;1629.9000047217764;0.045017858986417844
0.039;1596.4816952020608;0.03770677658511519
0.034;1638.7817252819102;0.04073493331425877
0.043;1655.0996562820892;-0.009954524342053336
0.043;1677.0997977529196;0.07709067668619364
0.039;1642.1000455482047;0.05175624318577428
0.038;1663.9000113539958;-0.02678419434062182
0.048;1668.5230164252732;0.015725102233294666
0.036;1668.259067707178;0.013997386398935455
0.042;1651.3869195441582;-0.029850318887275004
0.04;1668.7706398045655;0.016551243058856205
0.044;1663.7147374897254;0.047877994066590865
0.056;1656.70747979837;0.1025308867274919
0.048;1674.593987404419;0.055122339237167264
0.034;1666.9000453070216;0.07460496395241685
0.037;1649.643311019275;-0.04001759401188283
0.03;1647.8998315718572;-0.008529189735116252
0.033;1667.8168625104677;0.025390228373968746
0.044;1678.8996278414565;0.015896227910941238
0.034;1660.9000190144975;0.05889518522555877
0.046;1653.5600823815396;0.08074241339526068
0.035;1661.5151388147406;0.07984579244369834
0.036;1673.1209437493958;0.03327268145522645
0.038;1669.1000353756097;0.045451608419840986
0.034;1598.6838986033315;0.0643554374810781
0.046;1648.614852576681;0.03617036419977747
0.051;1659.468832437704;0.05602897343525633
0.049;1633.8998777770294;0.05109768195904253
0.043;1652.4733979389976;0.04862732492281131
0.046;1660.8839753290288;0.08127528913570504
0.045;1663.8999958371357;0.03468516626164393
0.036;1632.1000474342707;0.07637397217004878
0.045;1658.8419145264004;0.09364201511405869
0.042;1659.7738784494454;-0.0538765958911462
0.042;1657.3593955768847;0.00580674962507019
0.064;1644.4582721128731;0.05288431023877578
0.057;1645.6764621328543;0.033403219043399615
0.05;1652.2996714896476;0.09717314879871093
0.048;1632.8875704423233;0.05606687893560354
0.042;1654.6687404293998;0.021945795796852588
0.037;1676.0487328315323;0.03075111778038518
0.044;1657.7309725280406;0.057819900422254086
0.052;1651.9058717486735;0.0852240795284357
0.033;1671.313816244447;0.07471975257501286
0.033;1667.0932470979892;0.03256277985767965
0.052;1684.3069917956254;0.03778567158907338
0.055;1679.918244797711;0.027685145391083785
0.063;1667.7230987175012;0.0640130296842749
0.032;1682.02915384535;0.07711683679071725
0.034;1671.099849989413;0.018366065871992035
0.032;1684.9001481945527;0.010017140518898474
0.032;1708.4000405173658;-0.030818765714077864
0.046;1694.5952801119456;0.06573951078759437
0.036;1667.1002123805165;0.016460242077656798
0.045;1644.1000605824113;0.030729348726954778
0.038;1674.5565979644705;-0.003072444484629594
0.046;1636.8999608887332;0.09215024779490512
0.042;1649.0997857975137;0.014113224606685418
0.079;1650.8560954202248;0.09154850107989838
0.041;1582.1002406169507;0.04794242395230443
0.03;1646.9250910282199;0.06286688422827431
0.037;1678.3952166234362;-0.016719694592915182
0.033;1658.8999779131773;0.08687315642174868
0.036;1622.6686205624005;0.041818303269508375
0.047;1652.7572638619117;0.04261981595135357
0.048;1660.8274640169955;0.08221770674374186
0.056;1658.1000436882775;0.035608365620987084
0.044;1655.3084369721914;0.04854064329072762
0.075;1653.6274714829951;0.07054649734785055
0.049;1681.253403286716;0.07335939521745762
0.029;1676.820056413841;-0.0009561269879048567
0.047;1665.9419515893985;-0.008107464452921778
0.065;1622.90025610181;-0.006652946610471153
0.045;1663.8806288784306;0.046190753810347776
0.045;1678.5478655263387;0.03056091535926138
0.057;1677.8881942042935;0.04826491463385808
0.035;1672.5937997106967;0.008334223190161263
0.038;1649.211982874577;-0.0187830053402694
0.043;1644.100040941904;0.029004292205499396
0.043;1655.3453675100682;0.038795206546631336
0.045;1663.8998227439442;0.03142877484470359
0.038;1652.1783028469267;0.007539925525985827
0.046;1675.6812277378397;0.03475034342054133
0.038;1676.9001098521467;0.019573045714078044
0.053;1694.8997449539438;0.05161254245965076
0.044;1639.2472603523865;0.061074706698114836
0.047;1669.0991943254753;-0.023865133431381066
0.057;1659.1172125457967;0.01694601622340665
0.051;1662.899906202018;0.040497347490999494
0.052;1671.6463699770518;0.02433789629469392
0.044;1678.4599419137403;0.059925493623066275
0.044;1672.014666712944;0.049453887474162475
0.041;1660.8334410223767;0.03297856097395914
0.038;1634.20998252897;0.030551488869359947
0.049;1639.9000247930824;0.02612611659983334
0.035;1673.9001416247932;0.032733375312866894
0.046;1646.0998771370923;0.0613000335025289
0.052;1664.959129765429;0.04461822227618746
0.057;1654.0997327771156;0.0984078861583433
0.07;1678.874047030637;0.0736060501775332
0.043;1632.9787504521248;-0.021286829684958194
0.038;1639.100231738651;0.04775857588745637
0.04;1637.0566859963858;0.0017802710581708153
0.034;1658.9904553168496;-0.04611014378977717
0.05;1657.8999434895945;0.04791005876673861
0.057;1676.9624190557226;0.043641616780260115
0.04;1651.9000452682478;0.03167516559764587
0.056;1651.1000580518678;0.0628568131485749
0.044;1657.107140504667;0.04554183022924917
0.049;1612.0993531417253;-0.0207891506798
0.062;1678.364539346044;0.11163504789975011
0.063;1640.5738712801297;-0.0019385893997024145
0.04;1662.280327832432;-0.009758785240293527
0.054;1667.8851305092142;0.05138749783183645
0.053;1661.8426307197508;0.05046055243111551
0.047;1685.9000281479732;0.05378187961031054
0.047;1667.3040504045678;-0.00046687625458555204
0.035;1683.4870125420473;0.04766056748729551
0.042;1670.1001141534057;0.06689871036466417
0.055;1672.8998655492123;-0.00856900947649454
0.029;1687.056355538897;0.05585672281241204
0.05;1659.5814848848117;0.05068929731419304
0.062;1679.5752730868642;0.0037411718116142217
0.031;1676.3015990769827;0.014853379881761317
0.039;1656.5005056060086;0.005199123089630803
0.038;1649.0997905718568;0.013358679817297159
0.068;1676.9001407867238;0.009345804273981365
0.037;1673.220549217888;-0.01403552987437598
0.055;1659.6274974420232;0.04351296930202338
0.046;1672.975375805593;0.04962278064093324
0.051;1654.2913598866248;0.048378961322269806
0.067;1636.8685291476584;0.041304033382896246
0.048;1649.967797067942;0.05708867002260383
0.051;1642.2782139743233;0.038272474490151934
0.045;1648.2830488823886;0.02449840920592679
0.062;1611.0996816234133;0.027920503118457465
0.039;1651.8187436223263;0.04497318006769814
0.047;1631.537808633722;0.03927196171217086
0.035;1642.6934188312673;0.03279060408484165
0.032;1638.619976273875;0.0705410824912897
0.038;1651.0493069115626;0.004983109250727855
0.066;1646.1003070035777;-0.006240086061054237
0.065;1649.100427261957;0.09200867527277347
0.071;1599.1007992166074;0.094097235667144
0.047;1655.8769977438924;0.046544778062049
0.028;1652.9317547740657;0.03382561003276631
0.045;1665.1386561951774;0.05633306023490549
0.048;1677.4412285550725;0.03643711977657198
0.047;1669.6982130733445;0.03574677395573579
0.08;1686.8997887218347;0.06006009535310251
0.058;1669.6746297285756;-0.00918995135279603
0.064;1678.8997226370163;0.058363745892380955
0.0;1692.100414551422;-0.0322518391523957
0.037;1679.7763467865227;0.0321929157690659
0.044;1644.099254452257;0.02439981070837484
0.041;1660.897901221984;0.0021803531198132248
0.043;1646.9001440983227;0.04698395881838609
0.041;1648.100292064188;0.06056077805314293
0.053;1654.099304803551;0.03460691084513086
0.044;1671.9001606803079;0.10139462711475684
0.048;1638.0997274958909;0.07359601129730149
0.048;1665.805183433959;0.01489075657948176
0.035;1641.2542798927996;0.019648131057423315
0.045;1659.7046024594313;0.026286618515315788
0.057;1655.6026704204983;0.05793607072482722
0.045;1657.899825177637;0.03412493984129421
0.053;1670.3835109304807;0.06464650600817708
0.048;1659.3045890309952;0.03360673491001252
0.047;1644.196649033459;0.05043238756036973
0.038;1642.761545580443;0.004414343118890371
0.032;1654.92164061738;0.032522569478294475
0.037;1651.1663247627807;0.03630691130286044
0.042;1655.8698580397827;0.05613697573065195
0.036;1663.100005416689;0.020794240913670395
0.036;1654.8998095656605;0.05702422214519108
0.029;1667.8875761955817;0.05170493404822975
0.033;1662.281121729866;0.033831949372723505
0.029;1662.1049290431667;0.05067856894480939
0.034;1652.2173411821168;-0.020396272547523672
0.029;1678.427208930426;-0.001974896640366694
0.051;1640.9001394910565;0.025272226845806642
0.039;1665.2247584634238;0.08231197577736411
0.032;1653.1941938426983;0.0013947858311333244
0.04;1614.1001254116438;0.0512109085404409
0.041;1664.9900414666981;-0.026250586885409835
0.043;1665.6239367381525;0.01454409121185489
0.036;1619.4557900338943;0.06248373056321661
0.037;1634.9001243645619;0.011734748552915564
0.041;1658.0777903937708;0.04574502309734636
0.039;1653.9000907896873;0.03490405264990133
0.04;1666.4558563367223;0.027988122640654103
0.038;1671.0306048564655;0.01591607579232597
0.044;1658.6056665414028;-0.004178247522292497
0.035;1657.8618231237901;0.05496871497202767
0.051;1666.9001970870802;0.09764962291265623
0.041;1654.5397754507085;0.0694825004051668
0.037;1666.8997187494654;0.030363421043801117
0.051;1655.6291560221507;0.011919143506441313
0.052;1660.9256854846342;0.01767411400392037
0.054;1677.180342263427;0.017921248777909585
0.051;1668.9000216613736;0.005418122292396146
0.04;1669.462816783782;0.0485760831179899
0.041;1658.458048122282;0.029851748721409874
0.032;1665.5535031315167;0.014688208676413142
0.032;1673.8038264140173;0.02879719747277125
0.056;1658.2756722979418;0.027690929033865844
0.038;1673.8999123600554;0.028747102297300695
0.04;1672.806042671666;0.04454435222610016
0.045;1676.9000277003543;0.03869224455433075
0.048;1675.9000580199233;-0.011246291177092888
0.059;1663.266590415323;0.01276317801768663
0.05;1655.1000796963228;0.024731237926579372
0.044;1688.896565748658;0.05970661189860739
0.036;1685.8998556129538;0.03769827962682924
0.047;1686.0998849177788;-0.005830516549515469
0.039;1668.9000325529987;0.06643323261147126
0.045;1668.899943659892;0.07592365602960303
0.042;1658.8990863727242;0.05320892706872142
0.034;1649.3819013029781;0.007574887189394766
0.034;1658.6945177839077;0.06280130679463737
0.044;1652.3854327464396;0.03910130685185452
0.043;1685.1799757654467;0.026605006599126915
0.044;1656.3765426232042;0.013297400656518035
0.036;1678.6734000513175;0.11307716440897929
0.059;1691.900183836561;0.07982718400454271
0.06;1662.9004287029256;0.07850092082915601
0.038;1656.0462947394758;0.015186254774277888
0.028;1652.8064142035776;0.024461354768553087
0.035;1672.0998480627718;0.053027459166071225
0.029;1659.9236142093866;0.037118765138914225
0.045;1644.3747525185488;0.0023944830134004086
0.045;1673.8999801541;-0.01837346298172586
0.05;1659.0994423392135;-0.030757163886677083
0.051;1671.0999764260048;0.03775606180040032
0.037;1664.8848702613047;0.056977901365644665
0.041;1669.1989598145194;0.020612417822193876
0.04;1663.4173317550742;0.06592774555286711
0.037;1653.0999157353035;0.015643957387040705
0.03;1670.3057179386053;0.05086818140605716
0.043;1647.104062982032;0.05058881970306535
0.051;1671.0456247854904;0.02399171616482
0.035;1664.7515989319643;0.06490634785980488
0.053;1686.2625752764484;0.05015760346232205
0.062;1659.5407459412927;0.053755663415874996
0.041;1670.8599303975084;0.03624074990473687
0.064;1634.2983409296348;0.028328988765997723
0.053;1641.6745794666422;0.04939644343055656
0.057;1650.1689434280938;0.008769633633002247
0.033;1664.7171025496555;0.038874527579445775
0.055;1668.8301807627226;0.04287595653597166
0.04;1661.4996946211554;0.03849298541767378
0.05;1661.1000720410427;0.0010474365134338776
0.047;1645.416665047127;0.02456291099610923
0.047;1634.0990607645163;0.07857534212132357
0.04;1636.1000468284715;0.028905574742350185
0.033;1635.3075542200932;0.0309228293842186
0.056;1643.1332871200866;0.02505316170780604
0.051;1668.2003983628629;0.04346045590171478
0.031;1658.1000606685523;0.12325241574091002
0.061;1653.8694547851503;0.041153203674119385
0.044;1669.9103097705865;0.024827096028987042
0.041;1707.8998100894682;0.04511326582279236
0.033;1688.0998567323272;0.021559815339128915
0.048;1679.1468463688125;-0.01420296860699291
0.03;1674.0243840141304;0.005927552027247665
0.021;1695.7062814660792;0.09444040645062428
0.039;1675.8503421210787;-0.026935608444313378
0.042;1658.9900012520939;0.05383755211963957
0.037;1668.0999437206794;0.03401734251209167
0.039;1662.914537805794;0.01578468620981667
0.042;1665.3591084804004;-0.014260908351555926
0.041;1658.6666944199208;1.4623329989985057e-05
0.041;1657.2461795033375;0.02524162297415479
0.039;1649.989959521984;0.05975286582037821
0.052;1666.5515896841134;0.05339006927749142
0.044;1662.6387504832906;0.025873798547274687
0.053;1659.809850782884;0.06609336606974826
0.066;1660.8302365300679;0.05887549520389408
0.077;1656.9068045221356;0.04600978849943517
0.042;1657.8670354470821;0.0413565380814679
0.06;1663.9000867386835;0.04625161024018733
0.037;1667.3173570593187;0.024608229787500116
0.041;1679.0999004557855;0.022312927526736345
0.046;1658.812582077857;0.014643005368071352
0.04;1698.9006054315155;0.00878387147830903
0.046;1684.099903695083;0.04901474965873813
0.056;1662.670320436161;0.04885558795811919
0.041;1665.7546956848528;0.12390699506132143
0.053;1652.072285391971;0.06576221721051513
0.048;1654.1000167513487;0.07250177031724665
0.055;1651.3506503084782;0.06664526071934888
0.077;1660.0241657776244;0.08643979411817283
0.06;1653.5591463864034;0.053640146795820035
0.051;1672.7748463721614;0.088298173570529
0.078;1657.0998124278703;0.09592611397578145
0.049;1671.87435218077;0.029543307474770006
0.064;1664.9208741551859;0.06667505214763257
0.075;1661.7858660397683;0.0605330021527196
0.075;1652.7289171729979;0.04691697176562652
0.058;1655.0999146783427;0.06209592039427407
0.033;1650.0987248432477;0.03370754792801835
0.039;1613.9001821394968;0.021885905794237617
0.075;1620.9020653850894;0.06324077482192035
0.065;1641.886954873373;0.07631302497378219
0.039;1671.90008069086;0.09520703303273322
0.029;1656.7028863070148;0.05536484043336627
0.047;1644.5345059644276;0.030860356052874224
0.035;1658.3236112204806;0.019532529870772905
0.049;1661.8236689866437;0.04351119823627088
0.048;1673.4511631115377;0.04132128888342544
0.048;1677.8485977347684;-0.01624114197135089
0.049;1684.2939668863569;0.08028953619542135
0.029;1684.7627803315304;0.08183613240180189
0.035;1680.0999870702578;0.04321102747890267
0.046;1639.3808841926177;0.04412457135799917
0.047;1666.2326718922893;0.01718864645251021
0.091;1654.9812376994648;0.07063385714992733
0.046;1658.9130159891783;0.054971264200884704
0.062;1642.0505478311802;0.09352912477103616
0.054;1645.1001567325693;0.10659620169986726
0.055;1654.8633325305536;0.10888299723714166
0.055;1643.6192065427447;0.07754375075260046
0.04;1664.04915894523;0.046548222074427895
0.043;1664.0345510420723;0.07917559209278775
0.039;1650.8999373509107;0.04152701739949559
0.054;1658.1525790282444;0.07255711731683069
0.054;1660.673930675769;0.06106516648959674
0.047;1658.1001569978835;0.04750066794841813
0.062;1614.0367315203214;0.09279074408443018
0.025;1662.958612552868;0.04824224400475745
0.043;1651.912664790276;0.014109842056076363
0.033;1702.1004647370837;0.011515963204735774
0.028;1673.099810718863;0.03296665925860966
0.044;1671.922013634341;0.019963009133404555
0.033;1676.0998129022084;-0.00890896708127159
0.035;1667.7304685342517;0.08113236180956902
0.046;1660.0310761117312;0.058766326978371544
0.049;1655.652098992704;0.03957383576948599
0.039;1713.672714789082;0.03863567480383416
0.04;1650.234472387717;0.003702862936021331
0.054;1659.9007901621198;0.003999951922350295
0.046;1654.8039709210675;-0.013410711858252183
0.038;1685.8538586562945;0.03041504775893457
0.065;1638.061306274676;0.05628019846022787
0.052;1668.5311921373595;0.10094675888223086
0.038;1665.9966950582987;0.10308523072465166
0.038;1671.1005194018107;0.050474212852237174
0.048;1666.101536750658;0.04639905459309786
0.04;1655.899962002761;0.0554617631733081
0.035;1664.1264310826077;0.012062058050060637
0.046;1660.457411342892;-0.008448402295487711
0.044;1675.9003972911023;0.06570377394091377
0.048;1648.5655920584554;0.03633210106811237
0.049;1651.0997861806568;-0.004848007306261018
0.075;1667.1001859758228;0.09431034845643156
0.048;1655.260965137146;0.04180894598048822
0.062;1639.5052210515041;0.05476241450205151
0.046;1644.0050440578173;0.054984462346610766
0.068;1650.7232507895826;0.042545203106628585
0.047;1660.9871474024585;-0.0009990763709642886
0.05;1657.1470002907192;0.07241183600948185
0.059;1662.0998123561671;0.014230213925036553
0.051;1644.1011676188004;0.010915937125664632
0.037;1655.5313833041075;0.04500776366826427
0.056;1680.2519863327914;0.04117435978660135
0.053;1656.1022689979359;0.03197567703149472
0.051;1660.9806332745761;0.038729725157413755
0.057;1672.4498159412424;0.08970559092114845
0.048;1661.2581318125558;0.04907823402710783
0.059;1664.178973303055;0.06283679125745696
0.06;1665.5530624867579;0.06259764067171288
0.048;1650.9386340638625;0.11020953412201319
0.046;1649.260059518301;0.06564589205168654
0.039;1652.8998205210985;-0.059607853987919
0.054;1644.1001095892511;0.06428519775856674
0.038;1657.4878495579069;0.005028132666869661
0.048;1660.6699635504235;0.049962337860627135
0.047;1654.0998439486764;0.033717521267687636
0.061;1653.6342558620731;0.043682621900924715
0.05;1653.1050786249782;0.046271536866953636
0.06;1622.4729167673256;0.039328960449305825
0.045;1679.4484655820363;0.03895386122732865
0.047;1587.1004289235218;0.0570096737268755
0.047;1673.8999746014256;0.040081196884622264
0.053;1617.1002396708818;0.04557411926492903
0.039;1664.9000556031767;0.009894089588195557
0.039;1644.8995402801563;0.009445760191149566
0.054;1655.5322075653035;0.0799958456003358
0.054;1646.9385865066963;0.03152684781131139
0.042;1665.0999891211636;0.014805748365685392
0.037;1646.2336086083926;0.06387001182607764
0.045;1664.781443333353;0.012340670837701198
0.042;1597.899926946188;0.046850708780887054
0.074;1615.0998683182656;0.03442084474962327
0.034;1658.4631150146242;0.01829049715014043
;;
0.032;1689.1924846567035;-0.015090099903683
0.032;1692.218455139578;-0.02006810061901261
0.053;1661.3032196184133;0.02084545936434197
0.037;1620.4567250115203;-0.02082321088995552
0.027;1679.0401790766798;0.07005956074919199
0.04;1688.1420453810529;-0.02475209193605414
0.041;1695.188507291245;0.08104629938931475
0.042;1690.9294273983403;0.09217969561434146
0.04;1689.7665156687299;0.07420220014707084
0.037;1665.6942573906308;0.10819023423139991
0.045;1678.9704154505714;0.11075242058525424
0.0;1612.2464204954276;0.15099014702884356
0.043;1644.1456600611266;0.16385453930215987
0.053;1624.8156635489813;0.1574513349589995
0.051;1672.495417873574;0.10062333619659715
0.047;1667.962939298761;0.024478178067489156
0.052;1690.6221133849017;0.08386053634776437
0.042;1647.7010649657134;0.11254494749202941
0.047;1642.8830904314507;0.19145009412102776
0.053;1635.5380439308194;-0.004898641745512494
0.061;1666.2658596549459;0.03941380259432291
0.049;1694.5465343344672;-0.03363408024002823
0.056;1704.1963116298941;0.04187797639160552
0.043;1692.7862424360922;0.10521727161571555
0.043;1658.0008755353883;-0.08254110614961165
0.056;1544.2073777370701;-0.026360459868145572
0.034;1596.1445372119765;0.12814204265850065
0.062;1663.7214917284155;0.08185071527735545
0.049;1660.9867629996925;0.06056973023080854
0.052;1637.4949569169569;-0.022353922693933756
0.046;1635.844603196573;-0.131055230031905
0.038;1625.5635003659283;-0.11999027136265318
0.041;1617.7347942149618;-0.10706840441300292
0.031;1656.7876004921534;0.11946947622997965
0.039;1661.8268073732356;0.16111709112983064
0.037;1663.2117405491078;0.09097073605946031
0.044;1668.4798613740886;0.14424029239761255
0.046;1676.7318688157022;0.1218907334778049
0.043;1683.8766990188788;0.12228829641424606
0.045;1677.3609252594033;0.07316747756006813
0.042;1634.5700648679942;0.12198835680743643
0.032;1716.3059956234279;0.10394638523945392
0.048;1667.7856271325068;0.047098026191448275
0.034;1642.7296741816142;0.182032398753592
0.047;1648.7593503799724;0.1456287250281893
0.049;1646.0191567508261;0.11092572280728473
0.045;1647.351532578427;0.06875446601980299
0.058;1680.1573955903789;0.08227378502614703
0.052;1693.7419660677847;0.1818943389378211
0.041;1705.0866345830777;0.1554190183318947
0.032;1693.9132818312612;0.10686604711406995
0.051;1708.4068872696569;0.052834170827826
0.046;1641.3786779571658;0.06809895500169282
0.024;1695.2363678134234;0.1232964526986683
0.067;1520.714955742697;0.17021409615008848
0.043;1656.7587538066907;0.14132151061408937
0.047;1680.5754584522563;0.08678266408263278
0.065;1693.1248804945376;0.06335237193495159
0.044;1659.8986022403346;0.09580311100628729
0.044;1683.0333454876616;0.04244014174812279
0.073;1684.7679806402427;0.0852019920806454
0.047;1568.7668665354938;0.07511314794360942
0.045;1618.1049875894146;0.21225218543339958
0.048;1639.3807233689133;0.11779064629016021
0.039;1677.2342038176043;0.19666700014942684
0.046;1659.156473350897;0.07729612253164207
0.037;1688.2052063410179;0.15444035638479864
0.043;1594.788280996159;-0.05361517801991855
0.036;1457.1041407701703;2.7633924672434973e-05
0.051;1643.3623197342508;-0.007564230556711363
0.056;1605.693524085889;-0.06690282405049416
0.037;1663.944203444184;-0.09263806885624376
0.052;1647.1028361911235;0.042540290700574926
0.036;1641.166827739848;0.03622931851395665
0.046;1648.7333555165062;0.007062981209575936
0.047;1637.9520776082056;0.1370299301333444
0.032;1605.8065460246542;0.021552899318156446
0.043;1652.8055383796698;0.01925073866027928
0.035;1628.9731904073703;0.1403916779900472
0.029;1631.1896262874195;0.10064196511104574
0.034;1623.570556860453;0.08238133483105171
0.036;1651.2457592626988;0.044732585925375115
0.055;1618.8426538238634;0.14926309901152596
0.032;1660.6722768259945;0.17524285192121902
0.037;1655.7562728278278;0.004220276709446483
0.045;1640.8637278990193;0.0510602935698556
0.047;1635.7221563056335;0.07212127049919208
0.049;1662.3850069728564;0.05365739861744208
0.039;1576.8112836965972;-0.02685911490690067
0.031;1649.081787174988;0.05889350003733769
0.041;1594.0862560394146;0.07373678613115268
0.034;1681.1654286104958;0.015829802842783527
0.037;1673.6654379045508;0.11034439134600228
0.036;1659.2199967818497;0.10875207646255443
0.04;1584.8075002746318;0.028656233306692938
0.035;1696.1080322940813;0.09550983551323726
0.035;1715.3975285519095;-0.021541201860357392
0.052;1669.7626865608595;0.05206463899523388
0.043;1673.9239912814799;0.08197861387561352
0.035;1680.5310502441848;0.1548395399568328
0.047;1664.1062791409602;0.17652486220754865
0.062;1679.874354951794;0.04360342079878761
0.042;1659.020655453264;0.0804716396494057
0.059;1625.897889642503;-0.07560332588134423
0.042;1668.6481584141784;0.16443345221047218
0.034;1675.5446562773193;0.19748764772267774
0.048;1630.6780142129094;0.07024491690990468
0.032;1673.641674078418;0.1553712432716241
0.03;1662.3502429573105;0.17714002731549844
0.047;1664.2342768804233;0.0646794446741621
0.034;1664.5059932600848;0.24696809932594938
0.037;1635.4158486119063;0.06374639413519169
0.039;1655.8091558080419;0.09518638981947088
0.028;1649.2396011445808;0.16430353768217265
0.031;1677.8576796482816;0.17133058041066085
0.034;1670.309760886993;0.22479140442017692
0.041;1648.3387428090175;0.24616548262840193
0.035;1683.638493250402;0.3320732934069361
0.048;1663.7754589295146;0.25266327013606454
0.029;1672.0476739439434;0.35034412849980906
0.029;1679.939999680757;0.35310364455296434
0.027;1659.5929154945213;0.4121701958135188
0.058;1657.0986368064168;0.3608843929895481
0.043;1668.401986511586;0.32114887397863195
0.05;1618.7189622011945;0.22614341766218843
0.033;1647.4345952809256;0.23192984540404343
0.049;1665.388756924791;0.2145689137031116
0.034;1662.1907499153237;0.239547271368237
0.046;1630.0694985845837;0.14956625918424615
0.059;1643.4868210424404;0.19429969262596397
0.045;1657.8516382166918;0.13748737149502788
0.036;1660.2664682335587;0.20140928724177232
0.037;1661.744358086721;0.2589937667823891
0.043;1670.5769672959896;0.1893015144262281
0.049;1644.6790966081458;0.07383870776028174
0.027;1682.1099073756993;0.16922388775276914
0.03;1680.5188329338787;0.1689053417867466
0.03;1663.5653575987221;0.3069906579941361
0.033;1688.7988041167064;0.11857971299855906
0.043;1616.0897279285882;0.26387888412314847
0.031;1681.8813171393324;0.17954704154423456
0.042;1694.4425699956935;0.11884057832188478
0.027;1669.0015977095168;0.075853319036442
0.033;1649.9168156365756;0.204717907193327
0.033;1666.3867364390765;0.23924590285840874
0.046;1672.657666815221;0.1333858862863797
0.025;1669.3482151033425;0.06050059219525712
0.027;1673.3845280675023;0.14141877759309301
0.033;1656.6724955396016;0.08707947102453624
0.043;1670.7132246942867;0.019767560559321676
0.038;1645.8489021819848;0.06515734569130661
0.035;1661.8678404505154;0.08216661049187303
0.048;1651.9449172049167;0.059665891207410324
0.047;1649.846781934926;0.06302979760202011
0.044;1658.6922977552777;0.050617361304711964
0.043;1624.0712057390324;0.10734207241235681
0.038;1664.0799251656247;0.2768706975261884
0.035;1664.2127723239869;0.08133789535147136
0.045;1676.8596332423033;0.0767808642700354
0.044;1649.1961621042324;0.27682615330504695
0.048;1671.651249903731;0.15532213685245194
0.037;1670.89507820408;0.07966741454034897
0.052;1633.9878493439792;0.15034902951563045
0.04;1633.8765918297986;0.17130161441031416
0.039;1668.4424701203907;0.17435480765785571
0.051;1675.8443524748395;0.09956430604538681
0.038;1667.0466828610386;0.06690449406482836
0.082;1551.2519939450399;0.2202415616549656
0.029;1702.4156784871536;0.07417173596701511
0.032;1687.7546801266494;0.05193866908518492
0.041;1682.3395463271906;0.085222834888888
0.053;1170.3500578541107;0.2763089161069087
0.034;1574.0747297076678;0.2993443061106577
0.045;1681.4737805933014;0.10681377853727171
0.041;1660.6660556838228;0.03266829377729867
0.031;1682.1316287036793;0.14443117536362698
0.035;1689.87857123776;0.09946948299291132
0.049;1919.1028166546855;0.08218040447127968
0.031;1658.3436451880432;0.024672587965200846
0.038;1676.6527264060278;0.13242608161052905
0.048;1661.6378211225624;0.16723744488783998
0.044;1704.9960799952862;-0.08201935604351132
0.037;1690.3845015288223;0.053964053094684675
0.032;1721.7239953817825;-0.00923179018833177
0.03;1716.7705009909712;-0.12979920511989934
0.047;1674.1354719044884;-0.03367512809346011
0.032;1678.030035298193;0.12057472576591811
0.046;1675.1314572627887;0.18796086587981897
0.028;1632.0796504999244;0.11970344755037653
0.048;1642.863560386834;0.042678593500523845
0.033;1645.2520285361556;0.0942984828922543
0.039;1612.7807376439168;0.11203424783500625
0.035;1655.2999134494191;0.047526785749163095
0.043;1657.702775431374;0.05505170194259752
0.051;1642.7937306736255;0.08224493568629752
0.047;1588.2638727786646;-0.006258055173057345
0.069;1680.9969879376674;0.04623084168245019
0.034;1636.6658241898892;0.027183649686858227
0.063;1569.5847856907517;0.0929892538154556
0.038;1671.0355856945903;0.05783268253098538
0.042;1658.7828378687254;-0.021569226437376646
0.058;1681.3911027645206;0.030583586576563945
0.034;1696.55002902885;0.11312793171722056
0.036;1687.6178267092696;0.1508200546247263
0.036;1691.4676756555161;-0.06772455977211674
0.066;1682.2159161679137;0.35202176163086835
0.034;1661.2061166484693;0.06585213240509157
0.058;1673.845530018556;0.07376996762840139
0.051;1655.3833188945432;0.1492226580015119
0.046;1662.6620380673996;0.04068970796752315
0.05;1633.083938344175;0.15635093989371024
0.062;1683.7048015470418;0.007587931480507723
0.057;1674.8869634241196;0.06974503439041883
0.059;1679.988386801573;0.055643273621516706
0.049;1680.8378486139727;0.061925988291641657
0.069;1640.972836563752;0.12870292029614788
0.042;1676.9979676415296;-0.06654508913924242
0.052;1725.1854486607328;0.0058219110349963105
0.042;1691.8278568553897;-0.11955612781757723
0.034;1674.0884690066684;0.0851184980783898
0.047;1679.1168771051834;0.12668543149511052
0.079;1653.8239519430786;-0.0267947902577136
0.082;1649.2013833424653;-0.047430453514193505
0.053;1667.5194318994993;0.06751911291712841
0.038;1688.697856108873;0.13798462682148965
0.045;1678.3015636669447;0.07194402724920317
0.047;1676.1146120160547;0.08692061561262247
0.054;1675.7848493484673;0.14649813051138805
0.069;1689.5435006751873;0.1653140619643091
0.044;1689.684370017339;0.07636285805713248
0.052;1666.1977444744655;0.07908040473209095
0.052;1682.1144137710187;0.07312142255057692
0.049;1665.28044828891;0.06337829632014201
0.04;1707.4188423009612;0.08234403197889402
0.069;1719.0087893980894;0.01858450610855912
0.052;1721.315219331141;0.013587596665489102
0.035;1689.4071867752386;0.1714738537494387
0.042;1697.6816522692272;0.1429506399086396
0.05;1711.3063043502016;0.07681863932756523
0.064;1696.4844409802606;0.017727958277718184
0.051;1688.6991941811445;0.12642728379635104
0.063;1667.0025899817601;0.16322530797960294
0.062;1671.7466665835454;0.07035726568394964
0.054;1694.2641835975091;0.14825218482759167
0.048;1661.3392938749166;0.04841045011289653
0.065;1627.6977880549675;-0.05249741207633139
0.054;1612.4778364756612;0.08020957386862622
0.054;1652.4023650412637;0.036786385304691374
0.055;1652.4113223455308;0.05745623306838328
0.069;1668.5859926632513;0.15221034191599603
0.045;1686.5334515784818;0.19127391310490865
0.05;1685.1415997579497;0.04893525465252142
0.084;1519.6564843225945;0.16029728375536856
0.074;1692.5924347300727;0.23296700594647374
0.057;1697.4071137211752;0.061274826740615754
0.037;1720.7733010727936;0.08858409979367761
0.036;1633.363362412769;-0.019087124489215387
0.037;1679.153912814666;0.17898740227613041
0.037;1679.5740489568782;0.0565437315764928
0.041;1647.0748375621179;-0.03765114425214318
0.048;1706.4183930464224;0.10967621335934767
0.035;1702.1433454466562;0.12367859255019704
